CREATE TABLE ALUNO
( 
    MATRICULA VARCHAR(20),
    NOME VARCHAR(50)
);
CREATE TABLE TIPO_DOCUMENTOS
(
    ID INT,
    TIPO_DOCUMENTO VARCHAR(50)
);
CREATE TABLE DOCUMENTOS 
(
    ID INT,
	NUMERO_DOCUMENTO VARCHAR(50),
	FK_DOCUMENTACAO VARCHAR(50),
	FK_ALUNO VARCHAR(20),
	FOREIGN KEY(FK_DOCUMENTACAO),
	FOREIGN KEY(FK_ALUNO);

);

CREATE TABLE DATA_NASCIMENTO 
(
	ID INT,
	DATA_NASCIMENTO DATE,
	FK_ALUNO VARCHAR(20),
	FOREIGN KEY(FK_ALUNO);
);
CREATE TABLE CONTATOS
(
	CODIGO INT,
	DESCRICAO_CONTATO VARCHAR(60)
);
CREATE TABLE TIPO_CONTATO
(
	CODIGO INT,
	DESCRICAO VARCHAR(60)
);
CREATE TABLE PESSOAS
(
	ID INT,
	NOME VARCHAR(150)
);

CREATE TABLE VINCULO_EMPREGATICIO
	ID INT,
	SITUACAO BOOLEAN
);

CREATE TABLE RENDA_FAMILIAR 
	FK_PESSOAS INT,
	FK_VINCULO_EMPREGATICIO INT,
	RENDA_MENSAL MONEY,
	FOREIGN KEY(FK_PESSOAS);
);

CREATE TABLE QUADRO_FAMILIAR 
	FK_PESSOAS_ALUNO INT,
	FK_PESSOAS_FAMILIARES INT,
	GRAU_PARENTESCO VARCHAR(70),
	FOREIGN KEY(FK_PESSOAS_ALUNO),
	FOREIGN KEY(FK_PESSOAS_FAMILIARES);
);

CREATE TABLE ESTADO
(
	CODIGO_ESTADO INT,
	NOME_ESTADO VARCHAR(200)
);
CREATE TABLE CIDADE
(
	CODIGO_CIDADE INT,
	NOME VARCHAR(200),
	CODIGO_ESTADO INT
);
CREATE TABLE BAIRRO
(
	CODIGO_BAIRRO INT,
	NOME VARCHAR(200),
	CODIGO_CIDADE INT
);
CREATE TABLE RUA 
(
	CODIGO_RUA INT,
	NOME VARCHAR(200),
	CODIGO_BAIRRO INT
);
CREATE TABLE AUXILIO
(
	CODIGO_AUXILIO INT,
	MODALIDADE VARCHAR(20),
	FK_ALUNO VARCHAR(20),
	FOREIGN KEY(FK_ALUNO);
);
CREATE TABLE TIPO_AUXILIO
(
	ID INT,
	TIPO VARCHAR(20)
);
CREATE TABLE MODALIDADE_AUXILIOS
(
	ID INT,
	TIPO VARCHAR(20),
	DESCRICAO VARCHAR(200),
	FK_TIPO_AUXILIO INT,
	FOREIGN KEY(FK_TIPO_AUXILIO);
);
CREATE TABLE DOCUMENTOS_COMPROBATORIOS
(
	MATRICULA VARCHAR(20),
	DOCUMENTACAO VARCHAR(50)
);

CREATE TABLE ATIVIDADES
(
	ID INT,
	TIPO_DE_ATIVIDADE VARCHAR(50)
);

CREATE TABLE DETALHAMENTO_ATIVIDADE
(
	FK_ATIVIDADE INT,
	DESCRICAO_ATIVIDADE VARCHAR(150),
	FK_ID_HORARIO_HORA_INI TIME,
	FK_ID_HORARIO_HORA_FIM TIME,
	FOREIGN KEY(FK_ATIVIDADE),
	FOREIGN KEY(FK_ID_HORARIO_HORA_INI),
	FOREIGN KEY(FK_ID_HORARIO_HORA_FIM),
);

CREATE TABLE HORARIO
(
	ID INT,
	HORAS TIME
) 

CREATE TABLE EVASAO_QUADRO_ATIVIDADES
(
	FK_ALUNO INT,
	FK_DIA_SEMANA INT,
	FK_DETALHAMENTO_ATIVIDADE INT,
	FOREIGN KEY(FK_ALUNO),
	FOREIGN KEY(FK_DIA_SEMANA),
	FOREIGN KEY(FK_DETALHAMENTO_ATIVIDADE),
);
CREATE TABLE DIA_SEMANA
(
	ID INT,
	NOME VARCHAR(50)
);

CREATE TABLE DISCIPLINAS
(
    DISCPLINA VARCHAR(50)
);
CREATE TABLE DIFICULDADES
(
	MATRICULA VARCHAR(20),
	FK_DISCIPLINA VARCHAR(50),
	FK_DETALHAMENTO_DIFICULDADES VARCHAR(50),
	FOREIGN KEY(FK_DISCIPLINA),
	FOREIGN KEY(FK_DETALHAMENTO_DIFICULDADES);
);

CREATE TABLE DETALHAMENTO_DIFICULDADES
(
	ID INT,
	DESCRICAO VARCHAR(50)
);
CREATE TABLE ALUNOS_INTERESSADOS_PARTICIPAR_ASSISTENCIA
(
	MATRICULA VARCHAR(20)
);

CREATE TABLE ALUNOS_JA_PARTICIPANTES_ASSISTENCIA
(
	MATRICULA VARCHAR(20)
);
CREATE TABLE ALUNOS_PENDENCIAS_DOCUMENTOS
(
	MATRICULA VARCHAR(20),
	DOCUMENTO_PENDENTE VARCHAR(20)
);

INSERT INTO ALUNO(MATRICULA,NOME)
VALUES	('20151001','Irineu da Silva Nao Sabe Nem Eu'),
		('20151002','Joao Da Silva Sauro'),
		('20151003','Grenda Moura da Silva'),
		('20151004','Carolina Marchezi'),
		('20151005','Tereza Da Silva Sauro');
		
INSERT INTO TIPO_DOCUMENTOS(ID,TIPO)
VALUES 	(1,'CPF'),
		(2,'REGISTRO DE IDENTIDADE'),
		(3,'CARTEIRA DE TRABALHO'),
		(4,'CERTIDAO DE NASCIMENTO'),
		(5,'CERTIDAO DE NASCIMENTO');

INSERT INTO DOCUMENTOS(ID,NUMERO,FK_DOCUMENTACAO,FK_ALUNO)
VALUES	(1,'111.111.111-11',1,'20151001'),
		(2,'1.111.11-ES',2,'20151001'),
		(3,'111.111.111-12',1,'20151002'),
		(4,'111.111.111-13',1,'20151003'),
		(5,'111.111.111-14',1,'20151004');
		
INSERT INTO DATA_NASCIMENTO(ID,DATA_NASCIMENTO,FK_PESSOAS)
VALUES	(1,'07/08/1994',1),
		(2,'07/08/1995',2),
		(3,'07/08/1996',3),
		(4,'07/08/1997',4),
		(5,'07/08/1998',5);

INSERT INTO CONTATOS(CODIGO,DESCRICAO_CONTATO)
VALUES 	(1,'3336-6162'),
		(2,'irineu@gmail.com'),
		(3,'carol@xmail.com'),
		(4,'3336-6632'),
		(5,'3336-6165');
		
INSERT INTO TIPO_CONTATO(CODIGO,DESCIRCAO)
VALUES	(1,'TELEFONE FIXO'),
		(2,'EMAIL'),
		(3,'TELEFONE CELULAR'),
		(4,'FACEBOOK'),
		(5,'SKYPE');

INSERT INTO PESSOAS(ID,NOME)
VALUES	(1,'Josefa Vieira'),
		(2,'Gabriel Vieira'),
		(3,'Luca Vieira'),
		(4,'Josefina Vieira'),
		(5,'Jesus Vieira');
		
INSERT INTO VINCULO_EMPREGATICIO(ID,SITUACAO)
VALUES (1,TRUE),
	   (2,FALSE);
	   
INSERT INTO RENDA_FAMILIAR(FK_PESSOAS,FK_VINCULO_EMPREGATICIO,RENDA_MENSAL)
VALUES (1,1,1548.65),
	   (2,2,0),
	   (3,2,0),
	   (4,1,25000.68),
	   (5,2,0);

INSERT INTO QUADRO_FAMILIAR(FK_PESSOAS_ALUNO,FK_PESSOAS_FAMILIARES,GRAU_PARENTESCO)
VALUES (5,4,MAE),
	   (5,3,PAI),
	   (5,2,IRMAO),
	   (5,1,AVO);
	   
INSERT INTO ESTADO(CODIGO_ESTADO,NOME)
VALUES	(1,'ESPIRTO SANTO'),
		(2,'MINAS GERAIS'),
		(3,'RIO DE JANEIRO'),
		(4,'SAO PAULO'),
		(5,'CEARA');
		
INSERT INTO CIDADE(CODIGO_CIDADE,NOME,CODIGO_ESTADO)
VALUES	(1,'VITORIA',1),
		(2,'BELO HORIZONTE',2),
		(3,'NOVA IGUACU',3),
		(4,'SAO PAULO',4),
		(5,'FORTALEZA',5);
		
INSERT INTO BAIRRO(CODIGO_BAIRRO,NOME,CODIGO_CIDADE)
VALUES (1,'JARDIM CAMBURI',1),
	   (2,'LAGOINHA',2),
	   (3,'BOTAFOGO',3),
	   (4,'ITAQUERA',4),
	   (5,'ITAPERI',5);
		
INSERT INTO RUA(CODIGO_RUA,NOME,CODIGO_CIDADE)
VALUES	(1,'RUA SETE DE SETEMBRO',1),
		(2,'AVENIDA NOVE DE JULHO',2),
		(3,'AVENIDA BRASIL',3),
		(4,'AVENIDA PAULISTA',4),
		(5,'RUA VINTE',5);
		
INSERT INTO AUXILIO(CODIGO_AUXILIO,MODALIDADE,FK_ALUNO)
VALUES	(1,'GV1','20151001'),
		(2,'M2','20151001'),
		(4,'DID','20151001'),
		(4,'M2','20151001'),
		(5,'GV3','20151001');

INSERT INTO TIPO_AUXILIO(ID,TIPO)
VALUES	(1,'TRANSPORTE'),
		(2,'ALIMENTACAO'),
		(3,'MORADIA');
		
INSERT INTO MODALIDADE(ID,TIPO,DESCRICAO,FK_TIPO_AUXILIO)
VALUES	(1,'GV1','SISTEMA TRANSCOL IDA E VOLTA', 1),
		(2,'GV2','SISTEMA TRANSCOL IDA E VOLTA + 1 PASSAGEM', 1),
		(3,'GV3','SISTEMA INTERMUNICIPAL EX: AGUIA BRANCA', 1),
		(4,'M1','ALUGUEL MENSAL 250 REAIS', 3),
		(5,'M2','ALUGUEL MENSAL 350 REAIS', 3),
		(6,'M3','ALUGUEL MENSAL 450 REAIS', 3),
		(7,'AL1','UMA REFEICAO NO CAMPUS', 2),
		(8,'AL2','DUAS REFEICOES NO CAMPUS', 2),
		(9,'DID','COMPRA DE MATERIAIS DIDATICOS', 4);
		
INSERT INTO DOCUMENTOS_COMPROBATORIOS(MATRICULA, DOCUMENTACAO)
VALUES	('20151001', 'ANEXOS'),
		('20151002', 'ANEXOS'),
		('20151003', 'ANEXOS'),
		('20151004', 'ANEXOS'),
		('20151005', 'ANEXOS');

INSERT INTO ATIVIDADES (ID,TIPO_DE_ATIVIDADE)
VALUES (1,LAZER),
	   (2,ESTAGIO),
	   (3,ESTUDO);
	   
INSERT INTO DETALHAMENTO_ATIVIDADE(FK_ATIVIDADE,DESCRICAO_ATIVIDADE,FK_ID_HORARIO_HORA_INI,FK_ID_HORARIO_HORA_FIM)
VALUES (1,'JOGUEI FUTEBOL',1,5),
	   (2,'SUPORTE TECNICO NO BANESTES',6,9),
	   (3,'ESTUDEI JOIN DA MATERIA DE BD',11,19);
	   
INSERT INTO HORARIO(ID,HORAS)
VALUES (1,01:00),
	   (2,02:00),
	   (3,03:00),
	   (4,04:00),
	   (5,05:00);
	  
INSERT INTO EVASAO_QUADRO_DIFICULDADES(FK_ALUNO,FK_DIA_SEMANA,FK_DETALHAMENTO_ATIVIDADE)
VALUES (20151001,1,1),
       (20151001,1,2),
       (20151001,3,1),
       (20151001,4,3),
       (20151001,2,3),
       (20151001,5,3),
       (20151001,6,1);

INSERT INTO DIA_SEMANA(ID,NOME)
VALUES (1,'SEGUNDA'),
       (2,'TERCA'),
       (3,'QUARTA'),
       (4,'QUINTA'),
       (5,'SEXTA'),
       (6,'SABADO'),
       (7,'DOMINGO');

INSERT INTO DISCIPLINAS(DISCIPLINA)
VALUES	('CALCULO 1'),('PROGRAMACAO 1'),('LOGICA MATEMATICA'),('METODOLOGIA DA PESQUISA'),('COMUNICACAO EMPRESARIAL'),('FUNDAMENTOS DE SISTEMAS DE INFORMACAO'),
		('CALCULO 2'),('PROGRAMACAO 2'),('MATEMATICA DISCRETA'),('TEORIA GERAL DA ADMINISTRACAO'),('ARQUITETURA E ORGANIZACAO DE COMPUTADORES'),
		('PROBABILIDADE ESTATISTICA'),('ESTRUTURA DE DADOS'),('TEORIA GERAL DE SISTEMAS'),('SISTEMAS OPERACIONAIS'),('ADMINISTRACAO FINANCEIRA'),
		('PROGRAMACAO ORIENTADA A OBJETOS 1'),('BANCO DE DADOS 1'),('ANALISE DE SISTEMAS'),('SISTEMAS DE APOIO A DECISAO'),('REDES DE COMPUTADORES'),('SOCIOLOGIA'),
		('LINGUAGENS FORMAIS E AUTOMOMATOS'),('BANCO DA DADOS 2'),('PROGRAMACAO ORIENTADA A OBJETOS 2'),('ENGENHARIA DE SOFTWARE'),('PROJETO DE SISTEMAS'),
		('ANTEPROJETO'),('EMPREENDEDORISMO'),('TECNICAS AVANÇADAS DE PROGRAMACAO'),('GERENCIA DE PROJETOS SW'),('SISTEMAS DISTRIBUIDOS'),('ADMINISTRACAO DA PRODUCAO E LOGISTICA'),
		('PROJETO DE DIPLOMACAO 1'),('LABORATORIO DE ENGENHARIA DE SOFTWARE'),('COMERCIO ELETRONICO'),('DESENVOLVIMENTO WEB'),('GESTAO DE SISTEMAS DE INFORMACAO'),
		('PROJETO DE DIPLOMACAO 2'),('OPTATIVA 1'),('OPTATIVA 2'),('OPTATIVA 3'),('ETICA E LEGISLACAO'),('INFORMATICA E SOCIEDADE');
		
INSERT INTO DIFICULDADES(MATRICULA,FK_DISCIPLINA,FK_DETALHAMENTO_DIFICULDADES)
VALUES ('20151001',1,1),
       ('20151001',2,2),
       ('20151002',3,3),
       ('20151002',4,4),
       ('20151003',5,5);

INSERT INTO DETALHAMENTO_DIFICULDADES(ID,DESCRICAO)
VALUES (1,'DERIVADAS EM CÁLCULO'),
       (2,'CRIAR FICHAMENTOS E MAPAS MENTAIS'),
       (3,'FALTA DE RACIOCINIO LOGICO EM PROGRAMACAO');
	   
INSERT INTO ALUNOS_INTERESSADOS_PARTICIPAR_ASSISTENCIA(MATRICULA)
VALUES	('2015001'),
		('2015002'),
		('2015003'),
		('2015004'),
		('2015005');
		
INSERT INTO ALUNOS_JA_PARTICIPANTES_ASSISTENCIA(MATRICULA)
VALUES	('2015000'),
		('2015009'),
		('2015008'),
		('2015007'),
		('2015006');
		
INSERT INTO ALUNOS_PENDENCIAS_DOCUMENTOS(MATRICULA,DOCUMENTO_PENDENTE)
VALUES	('2015001','CPF'),
		('2015002','IDENTIDADE'),
		('2015003','CARTEIRA_TRABALHO'),
		('2015004','ANEXO 1'),
		('2015005','ANEXO3');
	   
/*
		INSERT INTO ALUNO(MATRICULA,NOME)
VALUES	('20151001','Irineu da Silva Nao Sabe Nem Eu'),
		('20151002','Joao Da Silva Sauro'),
		('20151003','Grenda Moura da Silva'),
		('20151004','Carolina Marchezi'),
		('20151005','Tereza Da Silva Sauro');
		
INSERT INTO TIPO_DOCUMENTOS(ID,TIPO)
VALUES 	(1,'CPF'),
		(2,'REGISTRO DE IDENTIDADE'),
		(3,'CARTEIRA DE TRABALHO'),
		(4,'CERTIDAO DE NASCIMENTO'),
		(5,'CERTIDAO DE NASCIMENTO');

INSERT INTO DOCUMENTOS(ID,NUMERO,FK_DOCUMENTACAO,FK_ALUNO)
VALUES	(1,'111.111.111-11',1,'20151001'),
		(2,'1.111.11-ES',2,'20151001'),
		(3,'111.111.111-12',1,'20151002'),
		(4,'111.111.111-13',1,'20151003'),
		(5,'111.111.111-14',1,'20151004');
		
INSERT INTO DATA_NASCIMENTO(ID,DATA_NASCIMENTO,FK_ALUNO)
VALUES	(1,'07/08/1994','20151001'),
		(2,'07/08/1995','20151002'),
		(3,'07/08/1996','20151003'),
		(4,'07/08/1997','20151004'),
		(5,'07/08/1998','20151005');

INSERT INTO CONTATOS(CODIGO,DESCRICAO_CONTATO)
VALUES 	(1,'3336-6162'),
		(2,'irineu@gmail.com'),
		(3,'carol@xmail.com'),
		(4,'3336-6632'),
		(5,'3336-6165');
		
INSERT INTO TIPO_CONTATO(CODIGO,DESCIRCAO)
VALUES	(1,'TELEFONE FIXO'),
		(2,'EMAIL'),
		(3,'TELEFONE CELULAR'),
		(4,'FACEBOOK'),
		(5,'SKYPE');

INSERT INTO FAMILIARES_ALUNO(ID,NOME_FAMILIAR,GRAU_PARENTESCO,VINCULO_EMPREGATICIO,RENDA_MENSAL,IDENTIDADE,FK_ALUNO)
VALUES	(1,'Josefa Vieira','MÃE',TRUE,1.548,'5454534','20151001'),
		(2,'Gabriel Vieira','PAI',FALSE,NULL,'9789789','20151001'),
		(3,'Luca Vieira','IRMÃO',FALSE,NULL,NULL,'20151001'),
		(4,'Josefina Vieira','AVÓ',TRUE,25.000,'2323232','20151001'),
		(5,'Jesus Vieira','AVÔ',FALSE,NULL,'5648447','20151001');
		
INSERT INTO ESTADO(CODIGO_ESTADO,NOME)
VALUES	(1,'ESPIRTO SANTO'),
		(2,'MINAS GERAIS'),
		(3,'RIO DE JANEIRO'),
		(4,'SAO PAULO'),
		(5,'CEARA');
		
INSERT INTO CIDADE(CODIGO_CIDADE,NOME,CODIGO_ESTADO)
VALUES	(1,'VITORIA',1),
		(2,'BELO HORIZONTE',2),
		(3,'NOVA IGUACU',3),
		(4,'SAO PAULO',4),
		(5,'FORTALEZA',5);
		
INSERT INTO RUA(CODIGO_RUA,NOME,CODIGO_CIDADE)
VALUES	(1,'RUA SETE DE SETEMBRO',1),
		(2,'AVENIDA NOVE DE JULHO',2),
		(3,'AVENIDA BRASIL',3),
		(4,'AVENIDA PAULISTA',4),
		(5,'RUA VINTE',5);
		
INSERT INTO AUXILIO(CODIGO_AUXILIO,MODALIDADE,FK_ALUNO)
VALUES	(1,'GV1','20151001'),
		(2,'M2','20151001'),
		(4,'DID','20151001'),
		(4,'M2','20151001'),
		(5,'GV3','20151001');

INSERT INTO TIPO_AUXILIO(ID,TIPO)
VALUES	(1,'TRANSPORTE'),
		(2,'ALIMENTACAO'),
		(3,'MORADIA'),
		(4,'DIDATICO');
		
INSERT INTO MODALIDADE(ID,TIPO,DESCRICAO,FK_TIPO_AUXILIO)
VALUES	(1,'GV1','SISTEMA TRANSCOL IDA E VOLTA', 1),
		(2,'GV2','SISTEMA TRANSCOL IDA E VOLTA + 1 PASSAGEM', 1),
		(3,'GV3','SISTEMA INTERMUNICIPAL EX: AGUIA BRANCA', 1),
		(4,'M1','ALUGUEL MENSAL 250 REAIS', 3),
		(5,'M2','ALUGUEL MENSAL 350 REAIS', 3),
		(6,'M3','ALUGUEL MENSAL 450 REAIS', 3),
		(7,'AL1','UMA REFEICAO NO CAMPUS', 2),
		(8,'AL2','DUAS REFEICOES NO CAMPUS', 2),
		(9,'DID','COMPRA DE MATERIAIS DIDATICOS', 4);

INSERT INTO DOCUMENTOS_COMPROBATORIOS(MATRICULA, DOCUMENTACAO)
VALUES	('20151001', 'ANEXOS'),
		('20151002', 'ANEXOS'),
		('20151003', 'ANEXOS'),
		('20151004', 'ANEXOS'),
		('20151005', 'ANEXOS');

INSERT INTO EVASAO_QUADRO_DIFICULDADES(MATRICULA,HORA_INICIO,HORA_FIM,DIA_SEMANA,ATIVIDADE)
VALUES	('20151001', 12:30, 17:40, 'SEGUNDA FEIRA', 'ESTAGIO'),
		('20151002', 12:31, 17:41, 'TERCA FEIRA', 'ESTAGIO'),
		('20151003', 12:32, 17:42, 'SEGUNDA FEIRA', 'ESTAGIO'),
		('20151004', 12:33, 17:43, 'SEGUNDA FEIRA', 'ESTUDAR'),
		('20151005', 12:34, 17:44, 'TERCA FEIRA', 'ESTUDAR');
		
INSERT INTO DISCIPLINAS(DISCIPLINA)
VALUES	('CALCULO 1'),('PROGRAMACAO 1'),('LOGICA MATEMATICA'),('METODOLOGIA DA PESQUISA'),('COMUNICACAO EMPRESARIAL'),('FUNDAMENTOS DE SISTEMAS DE INFORMACAO'),
		('CALCULO 2'),('PROGRAMACAO 2'),('MATEMATICA DISCRETA'),('TEORIA GERAL DA ADMINISTRACAO'),('ARQUITETURA E ORGANIZACAO DE COMPUTADORES'),
		('PROBABILIDADE ESTATISTICA'),('ESTRUTURA DE DADOS'),('TEORIA GERAL DE SISTEMAS'),('SISTEMAS OPERACIONAIS'),('ADMINISTRACAO FINANCEIRA'),
		('PROGRAMACAO ORIENTADA A OBJETOS 1'),('BANCO DE DADOS 1'),('ANALISE DE SISTEMAS'),('SISTEMAS DE APOIO A DECISAO'),('REDES DE COMPUTADORES'),('SOCIOLOGIA'),
		('LINGUAGENS FORMAIS E AUTOMOMATOS'),('BANCO DA DADOS 2'),('PROGRAMACAO ORIENTADA A OBJETOS 2'),('ENGENHARIA DE SOFTWARE'),('PROJETO DE SISTEMAS'),
		('ANTEPROJETO'),('EMPREENDEDORISMO'),('TECNICAS AVANÇADAS DE PROGRAMACAO'),('GERENCIA DE PROJETOS SW'),('SISTEMAS DISTRIBUIDOS'),('ADMINISTRACAO DA PRODUCAO E LOGISTICA'),
		('PROJETO DE DIPLOMACAO 1'),('LABORATORIO DE ENGENHARIA DE SOFTWARE'),('COMERCIO ELETRONICO'),('DESENVOLVIMENTO WEB'),('GESTAO DE SISTEMAS DE INFORMACAO'),
		('PROJETO DE DIPLOMACAO 2'),('OPTATIVA 1'),('OPTATIVA 2'),('OPTATIVA 3'),('ETICA E LEGISLACAO'),('INFORMATICA E SOCIEDADE');
		
INSERT INTO EVASAO_DIFICULDADES(MATRICULA, DISCIPLINA, DIFICULDADES)
VALUES	('20151001', 'Calculo 1','Dificuldade 1'),
		('20151002', 'Programação 2','Dificuldade 2'),
		('20151003', 'Calculo 2','Dificuldade 1'),
		('20151004', 'Arquitetura e Organizacao de Computadores','Dificuldade 2'),
		('20151005', 'Matematica Discreta','Dificuldade 1');


INSERT INTO ALUNOS_INTERESSADOS_PARTICIPAR_ASSISTENCIA(MATRICULA)
VALUES	('2015001'),
		('2015002'),
		('2015003'),
		('2015004'),
		('2015005');
		
INSERT INTO ALUNOS_JA_PARTICIPANTES_ASSISTENCIA(MATRICULA)
VALUES	('2015000'),
		('2015009'),
		('2015008'),
		('2015007'),
		('2015006');
		
INSERT INTO ALUNOS_PENDENCIAS_DOCUMENTOS(MATRICULA,DOCUMENTO_PENDENTE)
VALUES	('2015001','CPF'),
		('2015002','IDENTIDADE'),
		('2015003','CARTEIRA_TRABALHO'),
		('2015004','ANEXO 1'),
		('2015005','ANEXO3');*/