CREATE TABLE ALUNO
( 
    MATRICULA VARCHAR(20),
    NOME VARCHAR(50),
    CPF VARCHAR(20),
    IDENTIDADE VARCHAR(20),
    TELEFONE VARCHAR(10)
);
CREATE TABLE FAMILIARES_ALUNO
(
    MATRICULA VARCHAR(20),
    NOME_FAMILIAR VARCHAR(45),
    GRAU_PARENTESCO VARCHAR(10),
    VINCULO_EMPREGATICIO BOOLEAN,
    RENDA_MENSAL MONEY
);
CREATE TABLE ENDERECO 
(
    MATRICULA VARCHAR(20),
    END_RUA VARCHAR(45),
    END_NUMERO INT,
    END_CIDADE VARCHAR(45),
    END_ESTADO VARCHAR(45)
);

CREATE TABLE EVASAO_DIFICULDADES 
(
	MATRICULA VARCHAR(20),
    DISCIPLINA VARCHAR(45),
    DIFICULDADES VARCHAR (100)
);
CREATE TABLE ASSISTENCIA_TRANSPORTE_MODALIDADE_PRETENDIDA
(
    MATRICULA VARCHAR(20),
    TIPO VARCHAR(45)
);
CREATE TABLE ASSISTENCIA 
(
	MATRICULA VARCHAR(20),
    DOCUMENTACAO BLOB
);    
CREATE TABLE ASSISTENCIA_AUXILIOS 
(
    MATRICULA VARCHAR(20),
    ALIMENTACAO BOOLEAN,
    TRANSPORTE BOOLEAN,
    MORADIA BOOLEAN,
    DIDATICO BOOLEAN
);
CREATE TABLE ASSISTENCIA_ALUNOS_PENDENCIA_DOCUMENTOS (
	MATRICULA VARCHAR(20),
	DOCUMENTO_PENDENTE VARCHAR(45)
); 

CREATE TABLE AUXILIO_TRANSPORTE
(
    MODALIDADE VARCHAR(50)
	DESCRICAO VARCHAR(50)
);

CREATE TABLE AUXILIO_ALIMENTACAO
(
    MODALIDADE VARCHAR(50)
	DESCRICAO VARCHAR(50)
);

CREATE TABLE AUXILIO_MORADIA
(
    MODALIDADE VARCHAR(50)
	DESCRICAO VARCHAR(50)
);

CREATE TABLE DISCIPLINAS
(
    DISCPLINA VARCHAR(50)
);

CREATE TABLE EVASAO_QUADRO_DIFICULDADES
(
    MATRICULA VARCHAR(20)
	HORA_INICIO TIME
	HORA_FIM TIME
	DIA_SEMANA DAY
	ATIVIDADE VARCHAR(50)
);

CREATE TABLE ALUNOS_INTERESSADOS_PARTICIPAR_ASSISTENCIA
(
	MATRICULA VARCHAR(20)
);

CREATE TABLE ALUNOS_JA_PARTICIPANTES_ASSISTENCIA
(
	MATRICULA VARCHAR(20)
);

CREATE TABLE DOCUMENTOS_COMPROBATORIOS
(
    MODALIDADE VARCHAR(50)
	DESCRICAO VARCHAR(50)
);




INSERT INTO ALUNO (MATRICULA, NOME, CPF, IDENTIDADE, TELEFONE)
VALUE 	('20151001', 'Irineu', '123.456.789-09', '3365298', 33218600),
		('20151002', 'João', '123.456.789-10', '3365297', 33218600 ),
		('20151003', 'Grenda', '123.456.789-11', '3365296', 33218600 ),
		('20151004', 'Carol Marchezi', '123.456.789-12', '3365295', 33218600),
		('20151005', 'Ivonete Moura', '123.456.789-13', '3365294', 33218600),
		('20151006', 'Tereza', '123.456.789-14', 3, 2020, '3365293',33218600 );
		

INSERT INTO FAMILIARES_ALUNO (MATRICULA, NOME_FAMILIAR, GRAU_PARENTESCO, VINCULO_EMPREGATICIO, RENDA_MENSAL,IDENTIDADE)
VALUE 	('20151001', 'Josefa Vieira', 'Mãe', TRUE, 1548.65, 5454534),
		(NULL, 'Gabriel Vieira', 'Pai', FALSE, 0, 5454539),
		(NULL, 'Luca Vieira', 'irmão', FALSE, 0, NULL),
		(NULL, 'Josefina Vieira', 'Avô', TRUE, 25.000,68, 2323232),
		(NULL, 'Jeferson Vieira', 'Tio', TRUE, 1350,65, 5454535);
		
INSERT INTO ENDERECO (MATRICULA, END_RUA, END_NUMERO, END_CIDADE, END_ESTADO)
VALUE	('20151001', 'Rua 01', 1 , 'Cariacica' , 'ES'),
		('20151002', 'Rua 02', 2 , 'Vitória' , 'ES'),
		('20151003', 'Rua 03', 3 , 'Viana' , 'ES'),
		('20151004', 'Rua 04', 4 , 'Cariacica' , 'ES'),
		('20151005', 'Rua 05', 5 , 'Cariacica' , 'ES'),
		('20151006', 'Rua 06', 6 , 'Vila Velha' , 'ES');
		
INSERT INTO EVASAO_DIFICULDADES (MATRICULA, DISCIPLINA, DIFICULDADES)
VALUE	('20151001', 'Calculo 1','Dificuldade 1'),
		('20151002', 'Programação 2','Dificuldade 2'),
		('20151003', 'Calculo 2','Dificuldade 1'),
		('20151004', 'Arquitetura e Organizacao de Computadores','Dificuldade 2'),
		('20151005', 'Matematica Discreta','Dificuldade 1'),

INSERT INTO DOCUMENTOS_COMPROBATORIOS (MATRICULA, DOCUMENTACAO)
VALUE	('20151001', 'ANEXOS'),
		('20151002', 'ANEXOS'),
		('20151003', 'ANEXOS'),
		('20151004', 'ANEXOS'),
		('20151005', 'ANEXOS');

INSERT INTO EVASAO_QUADRO_DIFICULDADES (MATRICULA,HORA_INICIO,HORA_FIM,DIA_SEMANA,ATIVIDADE)
VALUE	('20151001', 12:30, 17:40, 'SEGUNDA FEIRA', 'ESTAGIO'),
		('20151002', 12:31, 17:41, 'TERCA FEIRA', 'ESTAGIO'),
		('20151003', 12:32, 17:42, 'SEGUNDA FEIRA', 'ESTAGIO'),
		('20151004', 12:33, 17:43, 'SEGUNDA FEIRA', 'ESTUDAR'),
		('20151005', 12:34, 17:44, 'TERCA FEIRA', 'ESTUDAR');
		

INSERT INTO AUXILIO_TRANSPORTE (MODALIDADE, DESCIRCAO)
VALUE	('GV1', 'SISTEMA TRANSCOL RMGV'),
		('GV2', 'SISTEMA TRANSCOL +1 E.M'),
		('INTERIOR', 'SISTEMA TRANSPORTE INTERMUNICIPAL');
		
INSERT INTO AUXILIO_MORADIA (MODALIDADE, DESCIRCAO)
VALUE	('AL1', 'REPASSE UNICA REFEICAO'),
		('AL2', 'REPASSE DUAS REFEICOES');

INSERT INTO AUXILIO_MORADIA (MODALIDADE, DESCIRCAO)
VALUE	('MORADIA_1', 'ALUGUEL MENSAL 250 REAIS'),
		('MORADIA_2', 'ALUGUEL MENSAL 350 REAIS'),
		('MORADIA_3', 'ALUGUEL MENSAL 450 REAIS');
		
INSERT INTO CADASTRO_COMPLEMENTAR_AUXILIOS (MATRICULA,DATA_NASCIMENTO,CARTEIRA_TRABALHO)
VALUE 	('20151001','01/01/2010','123456789');

INSERT INTO DISCIPLINAS (DISCIPLINA)
VALUE	('CALCULO 1'),('PROGRAMACAO 1'),('LOGICA MATEMATICA'),('METODOLOGIA DA PESQUISA'),('COMUNICACAO EMPRESARIAL'),('FUNDAMENTOS DE SISTEMAS DE INFORMACAO'),
		('CALCULO 2'),('PROGRAMACAO 2'),('MATEMATICA DISCRETA'),('TEORIA GERAL DA ADMINISTRACAO'),('ARQUITETURA E ORGANIZACAO DE COMPUTADORES'),
		('PROBABILIDADE ESTATISTICA'),('ESTRUTURA DE DADOS'),('TEORIA GERAL DE SISTEMAS'),('SISTEMAS OPERACIONAIS'),('ADMINISTRACAO FINANCEIRA'),
		('PROGRAMACAO ORIENTADA A OBJETOS 1'),('BANCO DE DADOS 1'),('ANALISE DE SISTEMAS'),('SISTEMAS DE APOIO A DECISAO'),('REDES DE COMPUTADORES'),('SOCIOLOGIA'),
		('LINGUAGENS FORMAIS E AUTOMOMATOS'),('BANCO DA DADOS 2'),('PROGRAMACAO ORIENTADA A OBJETOS 2'),('ENGENHARIA DE SOFTWARE'),('PROJETO DE SISTEMAS'),
		('ANTEPROJETO'),('EMPREENDEDORISMO'),('TECNICAS AVANÇADAS DE PROGRAMACAO'),('GERENCIA DE PROJETOS SW'),('SISTEMAS DISTRIBUIDOS'),('ADMINISTRACAO DA PRODUCAO E LOGISTICA'),
		('PROJETO DE DIPLOMACAO 1'),('LABORATORIO DE ENGENHARIA DE SOFTWARE'),('COMERCIO ELETRONICO'),('DESENVOLVIMENTO WEB'),('GESTAO DE SISTEMAS DE INFORMACAO'),
		('PROJETO DE DIPLOMACAO 2'),('OPTATIVA 1'),('OPTATIVA 2'),('OPTATIVA 3'),('ETICA E LEGISLACAO'),('INFORMATICA E SOCIEDADE');
		
INSERT INTO ASSISTENCIA_TRANSPORTE_MODALIDADE_PRETENDIDA (MATRICULA,TIPO)
VALUE	('2015001','GV1'),
		('2015002','GV2'),
		('2015003','GV1'),
		('2015004','GV1'),
		('2015005','GV3');
		
INSERT INTO ALUNOS_INTERESSADOS_PARTICIPAR_ASSISTENCIA (MATRICULA)
VALUE	('2015001'),
		('2015002'),
		('2015003'),
		('2015004'),
		('2015005');
		
INSERT INTO ASSISTENCIA_ALUNOS_PENDENCIA_DOCUMENTOS (MATRICULA,DOCUMENTO_PENDENTE)
VALUE	('2015001','CPF'),
		('2015002','IDENTIDADE'),
		('2015003','CARTEIRA_TRABALHO'),
		('2015004','ANEXO 1'),
		('2015005','ANEXO3');





























